yyyymm,g_t,y_true,y_hat
200001,"[ 9.81712873e-06 -7.50596884e-06 -2.16273678e-06  5.69308653e-05
  2.21786537e-05]",-1.4442794675231465,0.1406108831645963
200002,"[ 1.37464452e-03  1.89325589e-05 -1.12704968e-05 -1.68708212e-05
  2.16627213e-05]",2.115941642704856,0.436463484161975
200003,"[ 1.32010366e-03 -6.78254035e-04 -3.81361175e-05 -1.66554995e-05
 -4.22975195e-05]",1.3843133809880093,0.5255066334462835
200004,"[-1.25688404e-03  3.44383436e-04 -6.53898521e-04 -6.81694439e-06
 -2.11741556e-06]",1.1954849651691806,-0.16307260406382315
200005,"[-9.26640282e-04 -6.07869205e-04 -3.59834763e-04  6.60345015e-04
 -2.65610717e-06]",0.8110956798475816,-0.006500261228894051
200006,[-0.00092958  0.00055721 -0.00051605 -0.00040417 -0.00058805],0.0750190358260947,-0.03280395953203486
200007,"[-7.29057823e-04  6.35549009e-04 -3.69116993e-05 -5.27830074e-04
 -3.67282557e-04]",2.4635290644546526,-0.026588744122019534
200008,"[ 7.74505713e-04 -9.47613340e-05  5.99695286e-04  1.35547196e-05
  5.69477337e-04]",0.5404030548853,0.24644767688184435
200009,"[ 6.22871356e-04  2.75714634e-04 -2.32878504e-05  5.88998166e-04
  9.90315656e-05]",1.2602271157942655,0.1972703273851753
200010,"[4.65451508e-04 1.28752724e-04 2.44605132e-04 2.46357596e-05
 4.58025322e-04]",0.6826670729338339,0.16801462193034608
200011,"[ 1.60527417e-04 -3.24594370e-04 -3.30507513e-05  3.02827499e-04
 -4.17003065e-05]",5.97581459184217,0.20976461959684473
200012,"[ 1.42034764e-04 -3.13295940e-04  3.01509552e-04  5.55324516e-05
 -3.16486916e-04]",-6.561205066474285,0.24441255534046866
200101,"[-3.45066252e-04 -6.09053887e-06  7.80228977e-04  3.57032199e-04
 -1.12194329e-04]",-0.866717875387883,0.04977176335757957
200102,"[-2.80191953e-04 -4.68300033e-04 -8.49362956e-05 -6.20925378e-04
  2.58242748e-04]",0.38348644545177807,0.15090341207070987
200103,[ 0.00011849  0.00039787  0.00054273  0.00020747 -0.00042081],1.3316122578106937,0.14420728967346297
200104,[-0.00010313  0.00033408 -0.00026521  0.0005766   0.00015032],-1.1641946971180754,0.031239237347375326
200105,[ 0.0001511   0.00015156 -0.00036156  0.00017932 -0.00060467],0.9002261052661947,0.22193334031035608
200106,"[-1.20231892e-04 -1.58582187e-04 -8.53494200e-05 -3.25081972e-04
 -1.14758315e-04]",-0.7271813623396,0.1711289530843343
200107,"[ 3.69072537e-04 -2.84469695e-04  3.86520096e-06 -1.45055534e-04
 -3.71274513e-04]",-0.31583579052302413,0.3120574775466862
200108,"[-4.71652659e-04  1.32925815e-04  1.83538206e-04 -4.68410784e-05
  1.77839394e-04]",-1.4587329658959058,0.002398632109828299
200109,"[-1.11394793e-04 -4.94311268e-04  2.82024844e-04  7.93178408e-05
  7.29829781e-05]",0.17981488128980289,0.1674912792158419
200110,[-0.00012506  0.00023778 -0.0004785  -0.00026229 -0.00010313],1.3812338312626804,0.11887090354407619
200111,[ 0.00010496  0.00026898 -0.00010821  0.00053392  0.0002213 ],0.9924219471604928,0.07644101040222255
200112,"[-1.01155709e-04  3.21272316e-04 -3.36614623e-04 -3.75872052e-05
 -4.71211032e-04]",-3.107315487566525,0.14088040419846634
200201,"[ 1.99308616e-05  2.59821277e-04  1.92881093e-04 -3.20560055e-04
 -6.85212275e-05]",0.6467384433492779,0.13542891755086978
200202,"[ 8.36179809e-05  1.29648123e-04 -1.07768290e-04 -1.83934669e-04
 -3.35698369e-04]",0.6666206102177048,0.19498196109179694
200203,"[-6.40046911e-05 -2.22422762e-05 -6.57200035e-05  4.03204224e-05
  2.41112200e-04]",-0.44337230669139815,0.1031371873694611
200204,"[ 5.01568101e-04 -1.57414418e-04  1.34705571e-04  1.07382735e-04
 -1.19262311e-05]",-1.0083540331780219,0.2658258879052671
200205,"[ 5.92287500e-04 -1.92074204e-04  1.08113155e-04 -2.31055014e-05
 -2.56356390e-05]",1.4355588917424558,0.2993345704669434
200206,"[ 2.62581243e-04 -5.68157618e-04 -3.02085569e-04  7.53277085e-05
  9.08083695e-06]",-1.03727437246561,0.27546298370119326
200207,"[-8.71722880e-05 -3.27942901e-04 -5.35440442e-04  3.61766647e-04
  1.61200796e-05]",0.13149010111897705,0.1549436349527022
200208,"[-5.77332372e-05  1.36775662e-04  3.01243273e-04  5.86128113e-04
  4.27655746e-04]",0.25349981907275,0.025268425161478703
200209,"[-2.73499431e-04 -9.27520611e-05 -1.14556629e-05 -2.80066892e-04
  5.40823935e-04]",0.7027728457335696,0.04929775264318108
200210,"[ 6.17568367e-04  5.81967015e-05 -4.70598869e-04 -2.81399477e-05
  4.28823198e-04]",-1.8704761921380684,0.22841597865000648
200211,"[-4.66156491e-04 -5.13124108e-05  7.58111663e-05  4.44802017e-04
  1.15591637e-04]",0.37551629594145447,0.009879533022376749
200212,"[-4.97563239e-04  1.51557350e-04  5.82323248e-05  1.41160347e-04
  3.99341935e-04]",-2.3607895027596495,-0.03980341010549088
200301,"[-3.44448644e-04  2.87701883e-04 -2.53145497e-04 -4.10153395e-05
 -1.44640680e-04]",-0.14892515554136124,0.053614229210141764
200302,"[ 4.60289395e-04  4.54859691e-05 -3.69946479e-04 -2.63973771e-04
 -1.00518073e-04]",0.19174979486791283,0.26906553219151136
200303,"[ 2.95579464e-04  2.36242850e-04  9.89433743e-05 -3.35206196e-04
  2.47023304e-04]",0.28809120205192185,0.16385091223026368
200304,"[ 1.71877640e-04  3.24647854e-05  2.13574295e-04 -1.37182094e-04
 -2.98091563e-04]",-2.0693593468760567,0.21476321113347216
200305,"[-1.17292098e-04 -3.73632311e-04  6.63567495e-05 -1.16698027e-04
 -2.55801225e-04]",-2.105220648393594,0.20277125060715806
200306,"[-1.47711269e-04  2.78437082e-06 -4.99252416e-04  3.22457295e-05
  8.15096258e-05]",-1.5660160660363789,0.10784410573127882
200307,"[ 2.55636642e-04  8.68792870e-05 -8.94790498e-05  5.89767035e-04
  3.65319060e-05]",-0.362576905940389,0.15136862300051543
200308,"[-2.13736826e-05  3.01550694e-04  2.63400842e-05  9.79518458e-05
 -5.76858380e-04]",-6.0732724143713614,0.15953730359439097
200309,"[-4.25203048e-04  3.97803467e-04 -5.65322518e-05 -4.25202791e-05
  9.99002477e-05]",0.014422933865457788,-0.010106192628611333
200310,"[ 2.38305386e-05  5.19821881e-04  2.98167102e-04 -3.57628457e-05
  4.16469280e-05]",-0.7282474625879405,0.07125534397268136
200311,"[ 9.50233763e-05  9.42022441e-05  4.69277518e-04  3.20908174e-04
 -3.99820232e-05]",-0.19255244008491296,0.13027787274470012
200312,"[-2.75018328e-04  9.04484792e-05  1.88668635e-04 -4.21768879e-04
  3.77006444e-04]",-4.658675083366065,0.04814824750033076
200401,[-0.00019237 -0.00030993  0.00031608  0.00012529  0.00041254],1.1434013704430463,0.08281744680210014
200402,"[-2.73570068e-04  1.83613400e-05  2.52313888e-04  2.86056536e-04
  1.40564002e-04]",-0.5778576362144938,0.04522507780428417
200403,[ 0.00032404 -0.00034967 -0.00020137 -0.0002383  -0.00026369],-1.1055386444277033,0.3070660950123159
200404,[ 0.00017764  0.00032391  0.00024636 -0.00022859 -0.00025909],2.3150907389792765,0.17714383988404223
200405,"[ 3.07212811e-05 -1.33437150e-04 -3.07461745e-04 -3.04589749e-04
 -2.71143528e-04]",1.6941949441938602,0.22111064062454458
200406,"[8.67092788e-05 2.69670904e-05 1.01872936e-04 3.00223259e-04
 3.08639286e-04]",0.6907122140112361,0.10412500279303596
200407,"[ 3.60793793e-04  5.20221037e-05 -2.04888565e-05 -7.63366890e-05
  2.60284970e-04]",0.9312872635508342,0.18857505594955606
200408,"[ 8.61048956e-05 -4.01214407e-04 -3.16881882e-05  5.41256854e-05
 -1.13710292e-04]",0.5746794258412182,0.2260421106469245
200409,"[ 2.94344230e-04  1.50884192e-04 -5.31752482e-04  6.08442434e-07
 -4.28204250e-05]",1.0468776710425765,0.20040894598432082
200410,"[-2.69951834e-05  3.03788869e-04  1.86145362e-05  5.25678219e-04
 -3.13218977e-05]",-1.222639680876327,0.07100251902684108
200411,"[-5.22111809e-05 -1.67298745e-04  2.39084543e-04  4.31560406e-05
 -5.18071687e-04]",-4.902378523481916,0.20809466836572707
200412,"[2.28968682e-04 7.62358494e-05 1.30988444e-04 2.13298048e-04
 3.28162990e-05]",0.15010213478690138,0.16471580915994774
200501,"[-8.96464604e-05  2.01333018e-04 -1.39216046e-04  9.14857494e-05
  2.29666282e-04]",1.7471227426527187,0.06748133039428078
200502,"[1.91039920e-04 3.97960205e-05 1.99668732e-04 1.05351631e-04
 1.03582643e-04]",1.198654476655956,0.15800892459149246
200503,"[-1.14499357e-04  2.19609262e-04 -5.16313965e-05  1.48572427e-04
 -8.98183645e-05]",1.5822389432862862,0.0921950328409484
200504,"[-5.71344895e-04  5.04537468e-05 -1.09422116e-04 -1.98227725e-05
 -1.37396156e-04]",1.8244060505827049,0.03181093693490597
200505,"[-2.78381198e-04  4.61932321e-04 -5.01121729e-05  1.47298656e-04
  2.70192248e-05]",0.02355692897172007,0.010915573224861995
200506,"[ 1.09324691e-04  2.28499973e-04  4.13919297e-04 -2.83921048e-05
 -1.02217409e-04]",-0.14950002355762576,0.1429927188049912
200507,"[-2.76344753e-04 -2.43577233e-05  1.25048962e-04 -3.77888876e-04
 -1.02231795e-04]",0.14978713572090707,0.11748755177444856
200508,"[-5.32817558e-04 -1.52702706e-04 -1.77941530e-04 -9.10377425e-05
 -2.58596554e-04]",0.02355651228455758,0.08640008622429039
200509,"[-4.27184680e-04 -3.45468165e-04  2.20522056e-04 -2.14812938e-04
  6.18987259e-05]",0.9126513991686951,0.09799548850319045
200510,[ 0.00076325  0.00023855  0.0003106   0.00019446 -0.00010387],1.8890163004451352,0.27255536525480756
200511,[ 0.00061222 -0.00046219  0.0002898   0.00028013 -0.00022689],-0.4021350125628793,0.3432357759795869
200512,[ 0.00023732 -0.00050298  0.00043814 -0.00026388  0.00025124],-0.8894351801424153,0.2397944055254271
200601,"[-5.09734554e-04 -7.57169457e-05  4.13622843e-04 -4.73566140e-04
 -9.25000661e-05]",-1.5707453993202893,0.07330287339337185
200602,"[-7.26730734e-04  8.02188158e-05  1.41306961e-04 -3.59852747e-04
  3.05960974e-04]",-1.7284583203018056,-0.04254483514118749
200603,[ 0.00061746 -0.00042843  0.00025992 -0.00012523  0.00034503],0.2626545195621931,0.29637832637940514
200604,[ 0.00039446 -0.00041606 -0.00051393 -0.00027206  0.00015116],0.5881143871484008,0.28994957079750733
200605,[ 0.0003568   0.0002292  -0.00048955  0.00050471  0.00030024],2.1353055348150134,0.13492137356116446
200606,"[-2.66963773e-05  3.74863095e-04 -2.65395067e-04  4.69562807e-04
  4.64441135e-04]",0.7205243758204147,0.01175779641468945
200607,[-0.00056467  0.00018452 -0.00023573  0.00027293  0.00034977],1.6832591966134678,-0.05541695437804647
200608,"[-2.36293207e-05  5.70341248e-04  3.29006969e-04 -2.39834579e-04
  2.97848630e-04]",0.6452026557401044,0.03529611977534926
200609,"[-2.85585577e-04  6.44118774e-05  4.04620159e-04 -3.31361535e-04
  2.15938332e-04]",0.4987949338635247,0.059482208003666937
200610,"[-2.42598005e-04  2.76204329e-04  4.55520483e-05 -3.84092322e-04
 -3.71265575e-04]",1.4472448136526488,0.11762844628786612
200611,"[-1.29844896e-04 -1.62497605e-04  2.92498177e-04 -5.71919837e-05
 -3.60672239e-04]",-0.9919494495244424,0.1770642602293774
200612,"[-4.56536866e-05  1.79509912e-04  1.18592128e-04 -2.15846186e-04
  2.21986722e-05]",-0.8706972602589149,0.1168268054851352
200701,"[ 9.50501777e-05  4.47819525e-05 -2.37104189e-04  6.53217459e-05
 -2.34829865e-04]",-0.8233168826884374,0.18534337112236693
200702,"[-3.32938183e-04  3.65689333e-04 -1.30857977e-04  2.39630207e-04
 -2.40278107e-05]",1.8937712837229426,0.01409381686317115
200703,"[ 5.56437828e-04  2.88662280e-04  1.82515816e-04 -6.24081626e-05
  2.23671115e-04]",0.8083927289213857,0.19945537033729643
200704,"[ 1.94192535e-05  6.09079257e-04 -1.76278368e-04  2.08372825e-04
 -1.00907500e-04]",3.298899521359046,0.06923564277463283
200705,[ 0.00020507 -0.00028157 -0.00051293  0.0002155  -0.00025587],-1.1284254183138547,0.25130470279400596
200706,"[ 6.37781977e-05  1.51810015e-04  3.61155894e-04 -4.99764769e-04
  1.89422251e-04]",-0.85335027266131,0.13650349820554203
200707,"[-6.40763155e-05  1.02419959e-04  1.19041750e-04 -4.02713655e-04
  5.32325889e-04]",4.057094486287747,0.0741930346867161
200708,"[-1.10545741e-05 -1.27257849e-04 -1.06840451e-04  1.81534079e-04
 -3.73653711e-04]",1.2280630427902357,0.19288579244643972
200709,"[ 2.18265714e-04  3.63737026e-05  2.04979018e-04  1.13631012e-04
 -1.62444286e-04]",5.911352874433905,0.19472590523411068
200710,"[-4.30636487e-04  2.47145956e-04 -1.64384044e-04 -1.07008793e-04
  7.20187748e-05]",3.7746487699825613,0.017405811208736178
200711,"[ 6.10219023e-04  2.22775514e-05  2.14693359e-04 -1.56913080e-04
  2.54239363e-04]",2.1909316264585037,0.24776682524168453
200712,"[-1.16702830e-04  5.85581170e-04 -6.69620236e-06  2.59371068e-04
  1.78203725e-04]",-2.8112368572195616,0.0048735667487343065
200801,"[-4.79743586e-04  1.02106390e-04 -5.39436292e-04  3.38336751e-05
  2.23001688e-04]",-1.260761504266153,0.006942598913582304
200802,"[-8.67631069e-04  2.46541986e-05 -3.68570445e-05  4.02307915e-04
 -9.03102324e-05]",1.7846957648865627,-0.05890111358149953
200803,"[-7.24511106e-04 -4.60678583e-04  7.58610308e-05  3.80295834e-05
  3.83478510e-04]",3.9321251081882904,4.96858285179397e-05
200804,"[-3.84514596e-04 -4.96247306e-04  6.09748807e-04 -9.40341527e-05
 -1.01871152e-04]",1.3268729886872597,0.13324758320514504
200805,"[ 1.56903447e-04  5.38476212e-04 -3.87406821e-04  6.69596125e-04
 -5.13730532e-05]",-0.08487926928957812,0.08049754382512189
200806,[-0.00078972  0.00028226  0.00011954 -0.00027103 -0.00060148],1.7796461659203415,0.01779941786376271
200807,[-0.00041182  0.00067596  0.00025704  0.00019939  0.00014151],1.8643700991988703,-0.06773363251562069
200808,"[ 8.41010268e-04 -3.84615035e-04 -7.15858290e-04  3.75787256e-04
  4.59802449e-05]",1.6579453132246758,0.3618948896403227
200809,[ 0.00032499  0.00063865  0.00040587  0.00063993 -0.0002906 ],-1.1853885396816335,0.11986296773561314
200810,[ 0.00046494 -0.00015683 -0.00060231  0.00038592 -0.00054792],3.5188237125012733,0.31681226794550515
200811,"[-7.03806893e-04  2.09182192e-04  8.56058835e-05  5.41596483e-04
  3.32977755e-04]",5.184033598404428,-0.10703784038497409
200812,"[-1.24595170e-04 -5.64545963e-04  6.67364314e-05 -2.30658215e-05
 -3.93984982e-04]",-9.301851114991804,0.23750963100408337
200901,"[-3.95852388e-04  2.39418231e-04 -4.81092137e-04  5.93591184e-05
 -5.61376061e-05]",0.08416846300076641,0.0368369173873614
200902,[-0.00091641  0.00013149  0.00016997 -0.00032814 -0.0002135 ],-0.41007527404043975,-0.03224269079377472
200903,[-0.00081746  0.00023117 -0.0001819   0.00020324 -0.000355  ],-1.2699451739619136,-0.03138946220387352
200904,[ 0.00059824  0.00025122 -0.00047399 -0.00015968  0.00040055],-2.411384618021802,0.20914110051080473
200905,[ 0.0003291  -0.00037792  0.000272    0.00049262  0.00025428],-2.020068733523403,0.2033593346142031
200906,[-0.00044672 -0.00034378 -0.00024439  0.00025929 -0.00039052],2.8040694356389335,0.12747957219466707
200907,[-0.00074662 -0.0002677   0.00018007 -0.00014752 -0.00031194],-2.546618501055222,0.05894795122210654
200908,"[-5.16318931e-04  4.30555701e-04  2.82465873e-04 -1.70105449e-04
  4.96831066e-05]",-0.8216861449806749,-0.026839582911630116
200909,[-0.00052873 -0.00039103 -0.0001559  -0.00032848  0.00019547],0.6173045192529777,0.07910160205149307
200910,[-0.00035808 -0.00044206 -0.00043844  0.00012698  0.00032506],3.5808090715872103,0.08711322224761664
200911,"[-4.74502749e-04  9.76607565e-05  4.85389884e-04  4.19131843e-04
 -3.51224188e-05]",1.7227897892441766,0.00040499199191812365
200912,"[-1.30618345e-04  4.38065097e-04 -9.93957957e-05 -5.13580533e-04
 -4.00662611e-04]",-6.240473709911417,0.1332452633012338
201001,"[ 9.81529930e-04  3.38468760e-04 -4.90697474e-05  3.02118606e-05
  3.85421140e-04]",1.4294543992154876,0.26459146744940776
201002,"[ 1.12987947e-03 -1.88209344e-04  1.85392200e-04  4.98757066e-05
  1.73186660e-05]",0.4483835130542077,0.40472903486565276
201003,"[-6.58962040e-04  8.07422603e-04 -7.78679299e-05  2.07080629e-04
  4.79564099e-05]",-3.8637303048010576,-0.12273033053267117
201004,"[ 8.78411065e-04 -3.67991109e-05  7.14022419e-04  8.45246078e-05
 -2.77165588e-04]",0.5597682354467772,0.3537692686146052
201005,"[-7.91788134e-04 -4.02852386e-04 -5.36533119e-06  7.06300182e-04
  1.19405869e-04]",1.6371231102919874,-0.027262239753862237
201006,"[7.70403123e-04 5.17157874e-04 3.23259802e-04 9.27911127e-06
 5.94698563e-04]",2.2126121625774466,0.16582103643003226
201007,"[ 8.08524698e-04 -6.07629553e-04  4.23035461e-04 -3.31153804e-04
 -5.03501980e-05]",0.995386967733964,0.41627970868416586
201008,[ 0.00075852  0.00043929  0.00065619 -0.00040421 -0.00023442],2.4795238539259925,0.28747010185327704
201009,[-0.00014679  0.00081104  0.00054214  0.00053499  0.00034525],-0.5127496103862702,-0.0754496421510846
201010,[ 0.00111876  0.00038166 -0.0006411   0.00047584 -0.00031235],1.6274730207729098,0.3546271500258801
201011,[-0.00071156 -0.00081684 -0.00038443  0.00067391  0.00056935],-0.03021566445847823,0.0010322998611334909
201012,[ 0.00029162 -0.00077887 -0.00068493  0.00033313 -0.00064621],-1.6040113628945183,0.37800666817828005
201101,[ 0.00099084  0.00016606 -0.0004625  -0.0006591   0.00035248],2.867481856150043,0.33849049152560895
201102,[ 0.0011034  -0.00035673  0.00033502  0.00035942  0.00048788],1.9693479989968843,0.34713577485342506
201103,[-0.00051994  0.00116834  0.00015522 -0.00039536 -0.00031545],2.4413991447703305,-0.06896633962742982
201104,[ 0.00042978 -0.00036964  0.00115582  0.00013887 -0.00040166],1.9457378384023287,0.30533654900799334
201105,[ 0.00036858 -0.00029101 -0.00045741 -0.00111899 -0.00012459],1.6392735865853316,0.34580103880155943
201106,[ 0.0002378  -0.00042909  0.000283   -0.00042581 -0.00110697],-4.214658235879643,0.3994575492435939
201107,[ 0.00055623  0.00047933  0.00030432 -0.00029946 -0.00029029],5.616894140469905,0.24487422565683753
201108,[ 0.00040036  0.00036894 -0.00044446  0.00034753 -0.00033939],0.3170646831732298,0.20803198846487686
201109,[0.00020245 0.00044055 0.00032176 0.00044699 0.00037414],9.96920608442854,0.05461646696835066
201110,"[6.29092926e-04 7.58348727e-05 2.27708768e-04 3.14574297e-04
 5.27955261e-04]",2.0510499388406354,0.18650898860125062
201111,[ 0.00046294  0.00048887 -0.00012532 -0.0002355   0.00029653],0.9856333226038614,0.1587509990983406
201112,[ 0.00050324 -0.00032049  0.00038318 -0.00015803  0.00020966],-4.296435746705808,0.272813522291372
201201,[-0.00063607 -0.00029197  0.00010092  0.00035434  0.00011383],-0.7086696069130909,0.010047349553117896
201202,"[ 8.13863076e-04 -1.18509119e-04  3.34767463e-04  6.02765089e-05
  1.40164295e-04]",-1.0917242712797977,0.3097956750307183
201203,"[-3.40554355e-04 -7.67734409e-04 -2.60034390e-05 -3.76689287e-04
  9.11017329e-06]",0.14578523606092753,0.19221487406482077
201204,"[-8.32740786e-04  1.39325573e-04 -5.39670355e-04 -7.87285426e-05
 -3.14161398e-04]",-0.6313382995621633,-0.005650037320757462
201205,[-0.00052727 -0.00069806 -0.00017828 -0.00061493  0.00018917],1.1715560697591334,0.13735695571870382
201206,[-0.00054269  0.0002233   0.00059199 -0.00020912 -0.00055363],0.8370989245963031,0.062288904963592996
201207,"[ 1.36547616e-03  6.26169468e-05  1.30460740e-04 -5.73315858e-04
 -1.53829463e-04]",1.2916330013899615,0.4776012621105035
201208,"[ 1.02425725e-03  8.33952609e-04 -9.45631606e-05  1.17133241e-04
  6.15420112e-04]",-0.6104138955313719,0.1769479775372525
201209,[-0.00076708  0.00053675  0.00090483  0.00010947  0.00012574],0.7799990484644107,-0.12982167725470115
201210,[-0.00068053 -0.00044462  0.00061118  0.00086183 -0.00016671],2.2867407394450217,0.016827790580849548
201211,[-0.00133993 -0.00049854  0.00030778 -0.00034691 -0.00051563],1.0967861618658934,-0.005904014580402169
201212,[-0.00074141  0.00098795  0.00051663 -0.00027066 -0.00032997],-2.523820707562982,-0.10397915100492373
201301,[0.00072011 0.00060515 0.00079271 0.00050821 0.00021565],1.6564265984610964,0.15184955357060548
201302,[-0.00064879  0.00032995  0.00049678  0.00089596 -0.00042107],1.072374472998189,-0.05004247371437228
201303,[ 0.00037339 -0.00049001  0.0002969   0.00050986 -0.00091856],1.0437165841609493,0.3628382380174072
201304,[-0.00101349 -0.00023783  0.00018706 -0.00041043  0.00050029],-0.3228094536193029,-0.08266415137401577
201305,[ 0.00105375 -0.00013667  0.00015541 -0.0001403   0.00032212],-0.2386589504093142,0.3570177605441605
201306,"[ 9.43864117e-04  4.60838121e-04 -7.65660815e-05  1.32548792e-04
  9.43051769e-05]",-0.3458178219082424,0.2687413345518934
201307,"[ 7.55062299e-04 -5.85094979e-04 -4.75550352e-04 -9.83020696e-05
 -2.11178319e-04]",-1.584376711609981,0.4222902560884336
201308,[-0.00052721 -0.00051412  0.00059415 -0.00051532 -0.00014643],0.1392112135721416,0.13359854199228768
201309,[-0.00067391 -0.00010982 -0.00038951  0.00059587  0.00047011],1.754745025397088,-0.06915793110333411
201310,"[-8.56655735e-04 -3.71420497e-04 -7.33617978e-05  3.96235357e-04
 -4.99865772e-04]",-0.4424718076179692,0.0448310119302487
201311,"[-6.40498163e-04  5.73140156e-04 -4.11273122e-04  3.77516555e-05
 -3.70453117e-04]",-0.406077127867405,-0.02397344197230371
201312,"[ 5.27132284e-04 -4.35448783e-04 -4.68826199e-04 -3.79727852e-04
  7.42519018e-06]",-11.193546632141114,0.3431558023899192
201401,[-0.00051911 -0.00030504  0.00035104  0.00045678 -0.00033656],0.7548920778504247,0.07962234168233996
201402,"[-8.78533125e-04  6.77761968e-05 -4.42982033e-04  9.35596123e-05
  3.02555121e-04]",-0.05880596773426,-0.088847290836323
201403,[ 0.00024651 -0.00087016  0.00015613  0.0005038   0.00010442],1.9571107056167871,0.2698497444833022
201404,"[ 9.03825792e-04 -3.13520368e-06  5.53213506e-04 -1.22931171e-04
 -4.21892196e-04]",3.60434621963779,0.38575962865484925
201405,"[ 6.34365393e-04 -5.94540237e-04 -7.26729128e-05 -5.77054863e-04
 -6.63129452e-05]",0.4282989232139415,0.4005502546171161
201406,"[ 2.92028573e-04  4.79958629e-04  6.29144024e-04 -2.13754876e-05
 -5.73540401e-04]",-0.07821602172535458,0.19980974349752176
201407,"[ 5.49755926e-04  1.53042911e-04 -4.15151859e-04  6.38657973e-04
 -2.18385696e-05]",1.6356061320167001,0.21556992543172723
201408,"[-7.29097527e-04  3.07419383e-05 -1.90928507e-04  4.44965635e-04
  5.67348591e-04]",0.47717250268449585,-0.10603408046313201
201409,"[-1.66447473e-04  6.78208148e-04  6.07579068e-05 -2.20412494e-04
  4.71378611e-04]",2.5781798843173434,-0.026793774881891174
201410,"[ 6.77935050e-04 -5.69447281e-05 -6.38048298e-04  1.19646923e-04
 -1.08634855e-04]",1.5584276584652996,0.3138488092024759
201411,"[ 8.16899853e-04  2.34983248e-04 -1.59816075e-04  5.54812986e-04
 -7.20731975e-05]",1.4223935832822994,0.2686849402322724
201412,"[ 8.28195812e-04  2.91594525e-04 -4.77402366e-05  2.30431642e-04
  4.93939619e-04]",-5.731747687820404,0.21394430330671962
201501,"[-7.80491917e-04 -3.42996388e-04  5.18318351e-04  8.11493119e-05
 -1.63123353e-04]",0.9084296047888039,0.02610566321259306
201502,"[-7.46849796e-04 -3.28677759e-04  4.72997150e-04 -4.28509650e-04
 -4.83290531e-05]",1.262034144357335,0.047158561766165986
201503,[ 0.00077154  0.00034072 -0.00022    -0.00044929  0.00041254],-0.9800626171745779,0.24516702090741332
201504,"[ 1.21951218e-03  6.26957427e-05 -1.39720962e-04  2.09509841e-04
 -3.11907626e-04]",2.4294280103476495,0.42541300970480567
201505,"[ 1.31933482e-03 -4.06866249e-04 -1.52915232e-04  5.92386099e-05
  5.50167755e-05]",0.23246673567031878,0.47551846869248815
201506,[0.00122231 0.00054125 0.00026679 0.00013664 0.00012368],3.1748280138537273,0.30891975237154223
201507,[ 0.00108644 -0.00095843  0.00062745 -0.0003155   0.00014083],-3.0915169149355997,0.4966864203857304
201508,[-0.00088896  0.00064511  0.00099751  0.00054934  0.0003214 ],0.3428088780377465,-0.2193041085271178
201509,[-0.00082425  0.00054462 -0.00052701 -0.00099535 -0.00049074],2.22013228759894,0.013324768894191453
201510,[ 0.00085509  0.00062798 -0.00048222 -0.00056347 -0.00084086],1.283489178609427,0.3812686874330864
201511,[-0.00086205  0.00034935 -0.00071866  0.00038854  0.00044759],0.6085308510509259,-0.15151734024324603
201512,[-0.00095566  0.00021804 -0.00014891 -0.00078274  0.00035322],0.9322595153261143,-0.08766158344321033
201601,[ 0.00122632  0.00058028 -0.00019836 -0.00027347  0.00068431],0.4761730427509786,0.2698403801538882
201602,[-0.00082093  0.00090536  0.00061073  0.00013867  0.00024641],1.345005242218419,-0.20142301419839836
201603,"[ 1.10650549e-03  4.99916759e-04 -4.97790684e-04  4.93669154e-04
 -5.63413123e-05]",-2.4701055547983186,0.30310066486937903
201604,[-0.0010464  -0.00062011 -0.00050507 -0.00041993  0.00033561],2.384810314547633,-0.007732454355002914
201605,[0.0009171  0.00051464 0.00064498 0.00051784 0.00038774],-0.40004992604387535,0.18840278441214492
201606,[ 0.00040855 -0.00062473 -0.00063104 -0.00061791 -0.00051321],-0.4628644271486876,0.41916504539409866
201607,"[8.62551717e-04 7.21741385e-06 4.51468259e-04 7.15678297e-04
 4.82424934e-04]",-0.4394876772331899,0.22547761776666184
201608,"[ 1.06917156e-03  1.13175072e-04 -6.91374387e-05  2.12794741e-04
 -5.88281652e-04]",-0.8884514237081034,0.4169573682807258
201609,"[-8.75635787e-04 -4.37429507e-04  7.33600622e-05 -4.69894823e-05
 -1.31102650e-04]",2.5327147231757117,0.02884824168784407
201610,"[ 7.83862225e-04 -4.82699980e-04  6.13467938e-04  7.59785949e-05
 -3.02809394e-06]",1.173443740268827,0.3630555158333087
201611,"[-6.07482298e-04 -5.38912893e-04  5.66724839e-04 -4.83921989e-04
 -9.23774459e-06]",0.44688307987513903,0.1023117974736878
201612,[ 0.00013049  0.00057195 -0.00039304  0.00045305  0.00046205],-1.0312171338547564,0.022755320720798534
201701,[ 0.00026349  0.00010273 -0.00049688 -0.00036909  0.00032551],1.841363891162438,0.17728960025361118
201702,"[ 4.65611727e-05 -2.74241025e-04  5.63765404e-05  5.02571139e-04
 -4.01455539e-04]",-0.22872685324393027,0.2076679654240903
201703,"[-2.50889016e-04 -4.56888047e-05 -3.22421594e-04  1.16965986e-05
  5.44144329e-04]",2.0234506148015132,0.03645458916394376
201704,"[ 6.34291214e-04 -4.46783762e-04 -4.90742027e-05 -4.31578180e-04
  1.44486691e-04]",2.4423073128040627,0.3478662579104565
201705,"[5.01511817e-04 3.31388968e-04 4.16756582e-04 1.98120659e-05
 4.38929496e-04]",-0.9515845372868419,0.1484405516015799
201706,"[ 6.24530259e-04  3.85162560e-04 -4.66633338e-05  4.41654829e-04
 -6.64679554e-05]",1.854965666448412,0.2108332570383265
201707,"[-4.64509640e-04  5.21083180e-04  3.91156177e-04 -6.58236023e-05
 -5.10552313e-04]",1.0322156233956794,0.029830128658400037
201708,"[-3.68460583e-04 -2.14944936e-04  5.31189264e-04  3.81864796e-04
  8.09823583e-05]",-1.6083880145537315,0.052835398121535045
201709,[ 0.00084677  0.00027026 -0.00015937 -0.00041363 -0.00039082],1.5687411776048719,0.36122777140611734
201710,"[ 8.08911429e-04  6.14877404e-04 -3.15506155e-04  9.54472770e-05
  3.83087557e-04]",0.18526515071388772,0.19145272390526188
201711,[ 0.00056898 -0.00057684 -0.00061081 -0.00028613 -0.00018797],-0.11631673130220041,0.3909126626599706
201712,[-0.00028547 -0.00040682 -0.00044443  0.00059775  0.00028766],1.7650860472879164,0.07643126185895129
201801,[-0.00037258  0.00022267 -0.00033795 -0.00044205 -0.00054336],0.6028195296548866,0.12620340634357652
201802,"[ 5.36326194e-04 -5.72636744e-05  3.07833786e-04  2.34951750e-04
  3.43128185e-04]",-0.15720325011431624,0.20878393579391785
201803,"[-8.59890061e-05  5.67913343e-04  5.42805444e-05  3.15270308e-04
  2.32869367e-04]",0.09620800806703043,0.003408949460028456
201804,"[ 3.11560407e-05  1.75652265e-04 -5.80637624e-04 -3.40717362e-05
 -3.48836547e-04]",-0.301457652386604,0.17850508012895938
201805,"[-3.77199929e-05  5.85857782e-05 -8.88520318e-05  6.13364711e-04
  6.19610343e-05]",0.5986068324035618,0.08744288329367314
201806,"[-1.38519403e-04 -4.84941439e-05 -1.39803102e-04  5.91129499e-05
  6.60189383e-04]",2.145164890828634,0.04199432837310521
201807,"[ 6.61817077e-04  4.31938278e-05  1.54847777e-04 -1.22232523e-04
  1.32104910e-04]",0.7892418705863803,0.269390385144557
201808,"[ 4.68666059e-04  4.35215163e-04  4.38960243e-05 -1.53094166e-04
 -1.47270265e-04]",0.4657452716509491,0.21136916717090623
201809,"[ 7.15219631e-04  2.78236386e-04 -1.97337584e-04  8.95550650e-05
 -2.02982936e-04]",-0.14257171587459125,0.2825896113669215
201810,[ 0.00119114  0.00038005  0.00022598  0.0002926  -0.00020063],3.038396273476552,0.3533900210817038
201811,[ 0.00138293 -0.00035264 -0.000313   -0.0002084  -0.00017315],1.8669821141467042,0.5260472160449687
201812,[ 0.00069991 -0.00112031  0.00030106  0.00035971 -0.00017979],-2.4544964504869293,0.4398771380205871
201901,[ 0.00080273  0.00013167 -0.00111336 -0.00033601 -0.00031794],0.2363307775691334,0.3731262322504496
201902,[ 0.00068624 -0.00039863  0.00016701  0.00109393 -0.00033245],0.12997046893255643,0.3198897835816123
201903,"[ 6.65909622e-04  8.62610828e-05  2.40495001e-04 -1.40159767e-04
 -1.15400589e-03]",1.7379708560425962,0.4136062935922971
201904,"[ 1.05184161e-03  1.09899996e-04 -5.16777744e-05 -2.52360744e-04
  4.55550140e-05]",0.3151464928274158,0.3655017257550799
201905,"[-8.84085053e-04 -6.45070161e-04  2.11717671e-04  4.24681003e-05
  2.63436628e-04]",3.2462081194242436,0.0016073543869330991
201906,"[ 7.27938170e-04  4.73497719e-04 -5.77993006e-04 -2.05402875e-04
 -1.95247015e-05]",2.657398183732103,0.2606177388178167
201907,[-0.00083482 -0.00043508 -0.00048192 -0.00056518 -0.00012863],0.4712928782493372,0.07497810299847443
201908,[-0.00082139  0.00047969 -0.00052742 -0.00033487  0.00051398],0.48678648536887326,-0.13082766355766257
201909,[ 0.00066118 -0.00078753  0.00012671  0.00055523  0.00012497],1.9046760443275716,0.34372528007877656
201910,[ 0.00099567  0.00014743 -0.00068968 -0.00010644  0.00038861],1.4550159187446718,0.3108897274426537
201911,"[-8.14099551e-04 -4.79216163e-04  1.87051079e-04  6.69327885e-04
 -9.71442621e-05]",-0.7081080490362851,0.002149800215679834
201912,[-0.00061722 -0.00064103  0.00029878  0.00029808 -0.00059235],-0.7638369510321483,0.142615782289636
202001,[-0.00082494 -0.00038918  0.00059639  0.00035414 -0.0002525 ],-0.4131758565625655,0.01660609195779658
202002,[-0.00098852  0.00025641 -0.00056118  0.0003245   0.00019976],0.8214649702120657,-0.13670091293811454
202003,[-0.00077291  0.00054369 -0.0001865   0.00057717 -0.00019396],-0.9373541169866308,-0.1028278956289213
202004,[ 0.00098097 -0.00033498  0.00059855 -0.00026878  0.00049581],0.1617899456871795,0.3473689296938455
202005,[ 0.00141579 -0.00020419 -0.00066268 -0.00039238 -0.00014389],-2.1338808045263224,0.5259269504890774
202006,"[-1.18661479e-03 -7.31150651e-04  9.97106066e-05  6.66992637e-04
  3.78718955e-04]",0.2732649606079034,-0.09853480076415344
202007,[-0.00118593 -0.00074299 -0.00066268  0.00018939 -0.00054335],1.1687375414075605,0.049434280819590296
202008,[-0.00123498  0.00034625 -0.00063104  0.00056394  0.00016607],-0.051438970370966786,-0.21018784710123903
202009,[0.00063814 0.00101499 0.00046528 0.00064405 0.00053502],0.4196101332242132,0.04020844831785603
202010,"[ 1.10515511e-03  7.84605171e-05 -8.44255635e-04  5.12515868e-04
  4.95434597e-04]",-0.5249420961826892,0.2995362414798577
202011,"[ 1.25820853e-03  4.38885464e-05 -1.98237740e-04 -6.15948862e-04
 -4.18740861e-04]",-0.24564914907236512,0.4954804810279208
